SNO,Date,Open Price,High Price,Low Price,Close Price
1,1-April-2016,860.1,865,852.25,855.7
2,4-April-2016,855,870,855,867.85
3,5-April-2016,858.1,865,826.65,829.45
4,6-April-2016,837,842.25,828.5,835
5,7-April-2016,838,844.9,831.05,835.25
6,8-April-2016,830,853.95,830,849.8
7,11-April-2016,851,862.5,848,859.6
8,12-April-2016,857,868.75,854.05,859.45
9,13-April-2016,866,875,866,869.5
10,18-April-2016,865,896.5,861,893.35
11,20-April-2016,893,895.3,878.6,881.75
12,21-April-2016,890,897.8,878,881.9
13,22-April-2016,882.1,887.9,873,875.8
14,25-April-2016,875.7,885.35,871.45,878.5
15,26-April-2016,880,914,875.55,910.55
16,27-April-2016,915,923.9,897.6,915.6
17,28-April-2016,917.5,951.4,915,944.95
18,29-April-2016,948.3,952.2,929.5,943.65
19,2-May-2016,949,958,942.1,945.25
20,3-May-2016,946.9,951.2,928.5,932
21,4-May-2016,933.7,939,914.5,917.7
22,5-May-2016,918.25,933,906.65,912.3
23,6-May-2016,911,919.6,906.4,910.05
24,9-May-2016,911,948.4,911,945.9
25,10-May-2016,947.5,952.85,939.1,949.8
26,11-May-2016,937.8,962,931.5,956.25
27,12-May-2016,955.4,966.95,950.2,954.8
28,13-May-2016,955.05,960.35,943.85,949.1
29,16-May-2016,955,985,945.55,979.35
30,17-May-2016,987,1000,968,970.35
31,18-May-2016,968,977.7,963.05,971.1
32,19-May-2016,971.1,987.2,964.15,966.85
33,20-May-2016,970.3,980.95,964.5,977.5
34,23-May-2016,981.1,984.4,971.15,976.65
35,24-May-2016,975,985,971.1,976.9
36,25-May-2016,985,998,984.4,996.2
37,26-May-2016,996,1025.4,996,1018.45
38,27-May-2016,1022,1040,1018.2,1026.7
39,30-May-2016,1027,1035,1022.5,1025.5
40,31-May-2016,1024,1045,1021.1,1031.95
41,1-June-2016,1032,1032.95,1005.7,1017.15
42,2-June-2016,1017,1052,1011.3,1048.65
43,3-June-2016,1052.25,1059.7,1042.3,1049.25
44,6-June-2016,1054.5,1068.65,1044.85,1062.65
45,7-June-2016,1068.65,1085,1062.4,1066.3
46,8-June-2016,1065,1066,1045.15,1053.1
47,9-June-2016,1051.1,1059.5,1036.75,1040.3
48,10-June-2016,1036,1068.5,1036,1062.25
49,13-June-2016,1059.9,1072,1053,1064.5
50,14-June-2016,1061.25,1071.2,1058.1,1065.45
51,15-June-2016,1071,1073,1057.5,1070.65
52,16-June-2016,1063,1067,1047.9,1060.45
53,17-June-2016,1065.25,1075,1060.25,1070.3
54,20-June-2016,1061.1,1078.3,1055.4,1074.75
55,21-June-2016,1078,1079.05,1066.2,1070.15
56,22-June-2016,1070.15,1081.8,1065,1078.7
57,23-June-2016,1078,1115,1077.65,1111.75
58,24-June-2016,1075,1087,1042.05,1079.95
59,27-June-2016,1078,1091,1072.3,1076.3
60,28-June-2016,1084,1084,1062.8,1069.15
61,29-June-2016,1071.1,1083.8,1070,1073.5
62,30-June-2016,1074.55,1110.95,1074.55,1106.5
63,1-July-2016,1109.8,1134,1106.75,1129.9
64,4-July-2016,1132.05,1140.25,1115,1119.3
65,5-July-2016,1119,1131.25,1113.5,1125.55
66,7-July-2016,1125.2,1130,1110.5,1112.2
67,8-July-2016,1112.2,1123.75,1107.95,1119.1
68,11-July-2016,1132,1148.6,1132,1142.7
69,12-July-2016,1147,1155.95,1138.75,1153.75
70,13-July-2016,1153,1153,1138.5,1147.4
71,14-July-2016,1147.4,1171.25,1145,1169.25
72,15-July-2016,1169.25,1185.65,1161.55,1178.95
73,18-July-2016,1182.15,1184.8,1170.7,1174.75
74,19-July-2016,1170,1170.75,1143.6,1153.6
75,20-July-2016,1152,1168.5,1149,1161.45
76,21-July-2016,1160.2,1169.75,1150.25,1154.5
77,22-July-2016,1150.75,1166.25,1149,1158.35
78,25-July-2016,1160,1189.75,1147.75,1182.5
79,26-July-2016,1182,1210.05,1178.1,1200.25
80,27-July-2016,1205,1214,1176.25,1200.1
81,28-July-2016,1209.5,1226.65,1203.05,1220.55
82,29-July-2016,1225,1235.9,1208,1217.2
83,1-August-2016,1220,1234.25,1203.4,1221.45
84,2-August-2016,1229,1244,1223.15,1228.5
85,3-August-2016,1230,1243.35,1218,1234.95
86,4-August-2016,1244.45,1245,1220.6,1229.5
87,5-August-2016,1234,1260,1234,1258.2
88,8-August-2016,1269,1269,1255.8,1264.35
89,9-August-2016,1267,1267,1251,1259.4
90,10-August-2016,1251.3,1268.1,1247.5,1264.8
91,11-August-2016,1268,1268,1237,1252.65
92,12-August-2016,1257,1294,1254.3,1291
93,16-August-2016,1298.5,1314.3,1292.2,1294.9
94,17-August-2016,1296.9,1309.65,1285.25,1307.95
95,18-August-2016,1305,1324.7,1305,1320.55
96,19-August-2016,1324,1339,1317.1,1336.65
97,22-August-2016,1322.05,1349,1322.05,1343.3
98,23-August-2016,1346,1350.9,1336.5,1342.1
99,24-August-2016,1342.1,1343.5,1330.25,1338.55
100,25-August-2016,1337.95,1349.7,1337.25,1343.65
101,26-August-2016,1344,1345.45,1319.5,1326.25
102,29-August-2016,1324.1,1339.75,1317.9,1337.3
103,30-August-2016,1340,1373.95,1340,1355.05
104,31-August-2016,1358.8,1375,1342,1362.8
105,1-September-2016,1366.5,1376.9,1361.5,1365.65
106,2-September-2016,1365.15,1393.8,1362.9,1387.5
107,6-September-2016,1390,1449,1390,1440.9
108,7-September-2016,1450,1450,1392.45,1405.4
109,8-September-2016,1390,1390.25,1325,1330.65
110,9-September-2016,1260,1315,1250.35,1277.25
111,12-September-2016,1254.35,1254.95,1198.05,1205.35
112,14-September-2016,1204,1256.75,1203.7,1253.4
113,15-September-2016,1243,1243,1206,1221.8
114,16-September-2016,1235,1239.5,1159,1168.35
115,19-September-2016,1165,1193.45,1156,1178.05
116,20-September-2016,1189,1212.15,1173,1204.55
117,21-September-2016,1216.9,1226.8,1209,1217.7
118,22-September-2016,1242,1259.65,1230.6,1246.25
119,23-September-2016,1247,1248.9,1227,1232.4
120,26-September-2016,1220,1241.9,1219.15,1236
121,27-September-2016,1240.1,1251.65,1238.55,1246.25
122,28-September-2016,1246.5,1273,1246,1268.5
123,29-September-2016,1276,1304,1225,1230.55
124,30-September-2016,1234,1258.75,1213.55,1254.25
125,3-October-2016,1267.05,1283.15,1265,1271.1
126,4-October-2016,1277,1290,1270.5,1283.4
127,5-October-2016,1288,1297,1266.7,1279
128,6-October-2016,1229,1295,1229,1280.25
129,7-October-2016,1275,1284.65,1266.4,1275.1
130,10-October-2016,1276,1289,1274.5,1279.45
131,13-October-2016,1269,1282.6,1235.25,1255
132,14-October-2016,1260.1,1267.5,1244,1259.95
133,17-October-2016,1261,1267.5,1243,1250.85
134,18-October-2016,1258,1296.3,1257,1291.3
135,19-October-2016,1295,1308.25,1278.75,1291.85
136,20-October-2016,1300,1323,1298.5,1308.8
137,21-October-2016,1316,1319.85,1298,1317.05
138,24-October-2016,1318,1327.5,1305.1,1308.75
139,25-October-2016,1301,1311.85,1298.85,1307.85
140,26-October-2016,1295,1312.95,1283,1288.8
141,27-October-2016,1292,1299,1242.55,1254.25
142,28-October-2016,1265,1277.5,1258.25,1271.9
143,30-October-2016,1276.8,1280,1261.3,1267.6
144,1-November-2016,1275,1275,1246.3,1249.55
145,2-November-2016,1240.15,1240.15,1201,1210.8
146,3-November-2016,1206.1,1247,1193.1,1207.35
147,4-November-2016,1209,1214.95,1174.4,1196.4
148,7-November-2016,1205,1231.75,1202.9,1205.95
149,8-November-2016,1210.1,1235.7,1197,1223.95
150,9-November-2016,1151,1229.95,1122.9,1219.2
151,10-November-2016,1240,1313.6,1234.15,1290.7
152,11-November-2016,1260,1285.45,1210,1215.5
153,15-November-2016,1218.7,1218.7,1150,1158.85
154,16-November-2016,1168,1198.9,1133.4,1179.4
155,17-November-2016,1200,1208.6,1166.05,1174.55
156,18-November-2016,1180,1186,1161,1179.85
157,21-November-2016,1182,1189.95,1105.65,1112.5
158,22-November-2016,1124,1139.9,1095.5,1131.7
159,23-November-2016,1136,1145,1119.4,1125.7
160,24-November-2016,1126,1128.9,1109.75,1118.6
161,25-November-2016,1131,1172.1,1124.05,1167.5
162,28-November-2016,1141,1175,1135,1148.95
163,29-November-2016,1154,1163.35,1141.45,1144.2
164,30-November-2016,1149,1176.7,1145.6,1171.4
165,1-December-2016,1177,1184.75,1157.25,1161.6
166,2-December-2016,1154,1164.15,1143.9,1150
167,5-December-2016,1170,1188,1150.1,1183.2
168,6-December-2016,1184,1205.95,1177.15,1193
169,7-December-2016,1193,1219.9,1175.6,1189.65
170,8-December-2016,1194.9,1217,1191.05,1213.1
171,9-December-2016,1213,1225,1204.5,1218.65
172,12-December-2016,1205.5,1216.8,1188,1192.7
173,13-December-2016,1195,1209.4,1180.95,1206.65
174,14-December-2016,1200,1210,1194.85,1197.35
175,15-December-2016,1194,1204.5,1180,1186.45
176,16-December-2016,1190.1,1195.85,1173,1181.3
177,19-December-2016,1182,1188.3,1175.6,1180.8
178,20-December-2016,1182.1,1183.85,1143.3,1147.95
179,21-December-2016,1154.9,1155.9,1135.2,1138.3
180,22-December-2016,1135,1135,1115.05,1126.85
181,23-December-2016,1121,1140,1120,1124.65
182,26-December-2016,1124,1124,1091.25,1101.5
183,27-December-2016,1105,1131.4,1100.6,1126
184,28-December-2016,1136,1138.75,1111,1113.9
185,29-December-2016,1111.95,1155,1106.25,1148.85
186,30-December-2016,1148,1161.5,1145.5,1156.3
187,2-January-2017,1159.9,1161.95,1131.5,1144.05
188,3-January-2017,1144,1172.25,1140.75,1162.85
189,4-January-2017,1165,1172.5,1159,1163.35
190,5-January-2017,1175,1218.95,1169,1209.7
191,6-January-2017,1214,1250.9,1214,1247.2
192,9-January-2017,1251,1267.25,1248.4,1254.05
193,10-January-2017,1254,1267.7,1251.6,1262.55
194,11-January-2017,1271,1322.1,1271,1317.8
195,12-January-2017,1321,1342.95,1318,1324.75
196,13-January-2017,1328.2,1341,1307.3,1317.85
197,16-January-2017,1316,1336,1311.55,1329.65
198,17-January-2017,1333,1335.75,1316,1324.9
199,18-January-2017,1325,1350.3,1325,1346.3
200,19-January-2017,1345.05,1356.45,1332.1,1347.15
201,20-January-2017,1356,1378.3,1351.35,1358.65
202,23-January-2017,1360,1387,1360,1381.1
203,24-January-2017,1385.1,1413,1347.1,1359.85
204,25-January-2017,1363,1410,1363,1406
205,27-January-2017,1406.5,1421.55,1391,1399.35
206,30-January-2017,1398,1399.95,1383.1,1389.4
207,31-January-2017,1385,1399.9,1382.4,1395.5
208,1-February-2017,1402,1416,1382.35,1412.8
209,2-February-2017,1420,1420,1385.7,1388.75
210,3-February-2017,1389.1,1403,1386,1397.25
211,6-February-2017,1405,1409.95,1392.45,1398.2
212,7-February-2017,1399,1405,1388,1396.55
213,8-February-2017,1396,1421.7,1378.05,1410.95
214,9-February-2017,1411,1420.5,1395.1,1407.1
215,10-February-2017,1408,1415.5,1403,1410.55
216,13-February-2017,1411,1459.5,1409.8,1451.95
217,14-February-2017,1455,1470.95,1442,1456.8
218,15-February-2017,1450,1461.6,1420,1431.45
219,16-February-2017,1431.5,1446,1426.75,1436.2
220,17-February-2017,1436.2,1458.2,1435.15,1440.6
221,20-February-2017,1436,1439.7,1424.55,1429.1
222,21-February-2017,1429.35,1453.4,1429.35,1449.9
223,22-February-2017,1451,1458,1442,1448.3
224,23-February-2017,1445,1455,1440,1444.6
225,27-February-2017,1444.6,1445,1416,1421.8
226,28-February-2017,1425,1459,1425,1452.8
227,1-March-2017,1453,1466.5,1443.75,1453.7
228,2-March-2017,1455,1460.4,1419.5,1426.4
229,3-March-2017,1418,1440.45,1418,1435.35
230,6-March-2017,1435.3,1464.4,1435.3,1459.55
231,7-March-2017,1462,1465,1440.1,1448.55
232,8-March-2017,1449,1476.65,1449,1471.15
233,9-March-2017,1474.1,1479.7,1462.1,1465.35
234,10-March-2017,1466,1485.95,1466,1480.3
235,14-March-2017,1520,1537.85,1516,1531.85
236,15-March-2017,1530,1535,1518.5,1530.5
237,16-March-2017,1532,1546.6,1520,1528.7
238,17-March-2017,1533,1537.5,1504.5,1508.05
239,20-March-2017,1515.1,1523.45,1507.5,1513.3
240,21-March-2017,1525,1525,1471,1486.8
241,22-March-2017,1475,1476.5,1460,1470.2
242,23-March-2017,1476.25,1520.4,1462.5,1516.05
243,24-March-2017,1540,1543.9,1525.1,1528.9
244,27-March-2017,1540,1541.75,1520.3,1527.85
245,28-March-2017,1530,1539.95,1527.1,1535.3
246,29-March-2017,1534.9,1554.9,1528.25,1544.65
247,30-March-2017,1545,1557.8,1540.5,1551.95
248,31-March-2017,1550,1557.85,1535.5,1549.1
249,3-April-2017,1548,1555,1535.8,1538.85
250,5-April-2017,1540,1569.85,1536.4,1566.9
251,6-April-2017,1565.9,1575,1554.5,1564.6
252,7-April-2017,1542.5,1574.8,1542.5,1553.05
253,10-April-2017,1566,1605,1559.55,1600.15
254,11-April-2017,1600,1623.9,1596.6,1613.8
255,12-April-2017,1617.8,1636,1604.3,1631.75
256,13-April-2017,1629.95,1638,1611.4,1616.85
257,17-April-2017,1616.85,1625,1604.1,1610.95
258,18-April-2017,1612,1626.75,1598,1605.9
259,19-April-2017,1603.8,1619,1592,1605.4
260,20-April-2017,1501,1574.4,1501,1545.1
261,21-April-2017,1556.1,1563.05,1525,1543.45
262,24-April-2017,1546,1572.9,1544.25,1555.75
263,25-April-2017,1560.8,1567,1553.85,1556.9
264,26-April-2017,1557,1585.85,1557,1580.3
265,27-April-2017,1578,1652.9,1573.95,1640.2
266,28-April-2017,1649.9,1649.9,1623,1630.7
267,2-May-2017,1630,1651.5,1622.7,1631.25
268,3-May-2017,1631,1640,1616.7,1631.55
269,4-May-2017,1631.7,1640.5,1622,1628.2
270,5-May-2017,1630,1640,1604.6,1608.7
271,8-May-2017,1635,1635,1609.95,1614.95
272,9-May-2017,1617.5,1617.5,1593.4,1602.8
273,10-May-2017,1609,1615.25,1585.05,1598.9
274,11-May-2017,1595,1605.9,1576.9,1579.25
275,12-May-2017,1580,1592,1472,1483.85
276,15-May-2017,1490,1505.05,1455.25,1471.5
277,16-May-2017,1483,1491,1468.85,1483.45
278,17-May-2017,1480,1484.95,1451.15,1454.55
279,18-May-2017,1440,1440.3,1393,1401.45
280,19-May-2017,1410,1454.75,1405.85,1429.95
281,22-May-2017,1433.05,1450.45,1399,1406.5
282,23-May-2017,1406,1416.45,1375.75,1401.6
283,24-May-2017,1406,1443,1397.55,1424.05
284,25-May-2017,1435,1469.75,1430,1463.4
285,26-May-2017,1476,1500,1464,1492.55
286,29-May-2017,1493,1493,1435.55,1440.55
287,30-May-2017,1435,1461.95,1433.5,1439.35
288,31-May-2017,1441,1449.35,1410,1431.9
289,1-June-2017,1433.3,1450,1422.3,1443.85
290,2-June-2017,1465,1486,1446.05,1482
291,5-June-2017,1480,1524.5,1480,1519.95
292,6-June-2017,1521,1531.7,1499,1502.95
293,7-June-2017,1515,1520.5,1481.45,1494.1
294,8-June-2017,1514,1514,1470,1478.75
295,9-June-2017,1477.5,1497.75,1475,1486.3
296,12-June-2017,1487,1503,1471,1483.3
297,13-June-2017,1485.15,1509.95,1485.15,1494.1
298,14-June-2017,1495,1500,1445.1,1449.3
299,15-June-2017,1450,1453.25,1431.05,1445.75
300,16-June-2017,1457.95,1458.85,1437.75,1441.8
301,19-June-2017,1451,1455.75,1425.55,1434.4
302,20-June-2017,1439.9,1453.55,1426.6,1442.55
303,21-June-2017,1439.95,1444.6,1428.5,1432.25
304,22-June-2017,1436,1470,1436,1452.95
305,23-June-2017,1452.95,1458,1431.35,1436.6
306,27-June-2017,1457.1,1457.1,1407.2,1415.45
307,28-June-2017,1415.45,1458,1401.05,1448.55
308,29-June-2017,1450,1468.5,1432.4,1437.55
309,30-June-2017,1438.5,1465,1425,1461.85
310,3-July-2017,1465.2,1496.4,1453.9,1493.35
311,4-July-2017,1503.2,1512.95,1482,1485.3
312,5-July-2017,1499,1507.6,1487,1504.35
313,6-July-2017,1505,1517.75,1494.55,1500.7
314,7-July-2017,1501.8,1514.65,1498,1503.35
315,10-July-2017,1505,1522,1505,1512.55
316,11-July-2017,1513,1532,1508,1510.95
317,12-July-2017,1511,1522.75,1506.05,1514.9
318,13-July-2017,1520,1588,1520,1581.8
319,14-July-2017,1594.6,1594.6,1555.1,1565.3
320,17-July-2017,1564,1575,1543.45,1547.2
321,18-July-2017,1545,1576.65,1543,1552.35
322,19-July-2017,1553,1576.5,1552.25,1563.15
323,20-July-2017,1571,1579,1561.75,1571.05
324,21-July-2017,1571.05,1581.4,1565.85,1578.85
325,24-July-2017,1579,1619.45,1576.05,1592.5
326,25-July-2017,1580,1619.45,1580,1614.15
327,26-July-2017,1621,1722.8,1606.3,1712.55
328,27-July-2017,1745,1796.5,1741,1786.75
329,28-July-2017,1755,1860,1755,1844.05
330,31-July-2017,1850,1859,1803.1,1809.8
331,1-August-2017,1815,1837.8,1810,1826.05
332,2-August-2017,1831,1842.6,1811.15,1829.55
333,3-August-2017,1829,1838.8,1774.75,1785.25
334,4-August-2017,1782.6,1817.75,1763.4,1809.15
335,7-August-2017,1810,1817.95,1794.65,1801.15
336,8-August-2017,1801,1801,1756,1763.3
337,9-August-2017,1754,1774.65,1735,1741.35
338,10-August-2017,1733,1744.85,1710,1729.6
339,11-August-2017,1715,1757.25,1705,1740.3
340,14-August-2017,1750,1785.5,1750,1779
341,16-August-2017,1800,1800,1732.85,1761.45
342,17-August-2017,1773.05,1776.7,1731.1,1738.95
343,18-August-2017,1734.7,1735,1710,1720.1
344,21-August-2017,1729,1754.35,1711.5,1717.75
345,22-August-2017,1726.65,1730.65,1686.85,1713.15
346,23-August-2017,1711,1726.9,1699,1722.05
347,24-August-2017,1727,1739.1,1715.35,1720.55
348,28-August-2017,1720.55,1755,1713.35,1750.75
349,29-August-2017,1750.55,1752.85,1715.95,1719.7
350,30-August-2017,1726,1763.35,1726,1750.35
351,31-August-2017,1750,1774,1745.05,1755.75
352,1-September-2017,1755,1779,1753.75,1775.55
353,4-September-2017,1773.9,1779.6,1738.95,1761.1
354,5-September-2017,1760,1787,1760,1777
355,6-September-2017,1775,1803,1761.55,1792.85
356,7-September-2017,1799,1818.9,1793,1802.5
357,8-September-2017,1816,1816,1781,1788.75
358,11-September-2017,1799.95,1861.9,1790.65,1841.95
359,12-September-2017,1858,1858.65,1823.5,1851.7
360,13-September-2017,1851,1861.45,1834,1841.25
361,14-September-2017,1845,1865.45,1841.8,1852.15
362,15-September-2017,1822,1852.75,1822,1842.05
363,18-September-2017,1848,1871.95,1848,1858.55
364,19-September-2017,1858.55,1871.7,1847.5,1863.8
365,20-September-2017,1863.8,1884.85,1863.8,1878.55
366,21-September-2017,375.9,383.25,373.4,377
367,22-September-2017,379.95,379.95,359.9,360.75
368,25-September-2017,364.8,364.8,349.5,359.55
369,26-September-2017,362,362.8,355.7,360.35
370,27-September-2017,364.8,364.9,350.55,353.35
371,28-September-2017,358,358,348,350.8
372,29-September-2017,354.9,354.9,345.5,350
373,3-October-2017,354.6,355,347.7,350.6
374,4-October-2017,352.1,358,351.2,356.05
375,5-October-2017,359,367.5,357.1,359.35
376,6-October-2017,361,366.9,360,365.15
377,9-October-2017,366.2,373.55,363.3,371.15
378,10-October-2017,373.45,373.95,371,372.6
379,11-October-2017,374,374.85,362,362.8
380,12-October-2017,364,368,358.95,365.3
381,13-October-2017,366,372.9,365.5,369.6
382,16-October-2017,374,374,366,367.5
383,17-October-2017,368,375.75,368,373.3
384,18-October-2017,369.95,369.95,359,362.3
385,19-October-2017,365,365.6,355,358.05
386,23-October-2017,358.5,364.5,351,354.1
387,24-October-2017,358.7,363.4,344.15,348.25
388,25-October-2017,352.5,355,313.45,327.65
389,26-October-2017,330,339,318.55,331.7
390,27-October-2017,310,313.95,299,307.2
391,30-October-2017,314.85,317.45,308.55,314.4
392,31-October-2017,317,319.2,311.5,314.35
393,1-November-2017,315.5,320.45,315,317.95
394,2-November-2017,320,323.9,318.35,320.35
395,3-November-2017,321.25,328,321.25,325.95
396,6-November-2017,326.35,329.8,318,320
397,7-November-2017,322.75,322.75,305.25,311.45
398,8-November-2017,312.6,313.45,301.45,303.7
399,9-November-2017,305,308.5,302,304.7
400,10-November-2017,304,309.8,302.25,303.95
401,13-November-2017,304,308,303.05,303.7
402,14-November-2017,303.7,306.1,302.05,302.45
403,15-November-2017,301,305.5,296,300.95
404,16-November-2017,302,303.8,297.45,301.55
405,17-November-2017,307.3,314.1,305.25,306.45
406,20-November-2017,309.3,314,308.45,313.2
407,21-November-2017,316.75,318,310.9,312
408,22-November-2017,314.1,315.65,307.2,309.85
409,23-November-2017,309.9,316.35,307.4,312.35
410,24-November-2017,315,316,312,312.8
411,27-November-2017,312.95,315.75,310,315.2
412,28-November-2017,314.55,316.8,313.65,315.2
413,29-November-2017,315.1,316,311,312.3
414,30-November-2017,312,312,305,306.8
415,1-December-2017,307.2,309.7,305.05,306.5
416,4-December-2017,307.1,310.8,301.8,303.2
417,5-December-2017,303.2,309.75,300.65,308.55
418,6-December-2017,307.9,309.95,304.85,306.2
419,7-December-2017,305.35,311.75,305.35,310.5
420,8-December-2017,311.1,315.5,311.1,312.05
421,11-December-2017,313.1,315.75,310.6,311.5
422,12-December-2017,311.5,311.5,305.9,306.5
423,13-December-2017,305.5,307.25,301.15,301.85
424,14-December-2017,302,305,301.9,303.95
425,15-December-2017,305.5,317.55,305.5,316.05
426,18-December-2017,316.9,318.2,305.55,312.15
427,19-December-2017,312.05,315.8,309.85,312.4
428,20-December-2017,311,313,310.2,311.55
429,21-December-2017,310.75,313.8,309.5,310.3
430,22-December-2017,309,313.45,308.75,310.05
431,26-December-2017,311,317.6,310.15,315.45
432,27-December-2017,315.8,319,313.25,315.2
433,28-December-2017,313.1,316.05,312,313.5
434,29-December-2017,312.05,315.5,312.05,315.05
435,1-January-2018,314,317.7,311.85,313.2
436,2-January-2018,312.5,314.25,307.35,311.65
437,3-January-2018,311.7,316.35,311.6,315.8
438,4-January-2018,316.5,318.5,313.2,317.1
439,5-January-2018,316.8,337.95,316.8,333.05
440,8-January-2018,338,341.3,331.9,333.4
441,9-January-2018,333.1,344.7,327.6,341.1
442,10-January-2018,341.1,342.25,335.5,339.75
443,11-January-2018,340,343.7,335.5,342.6
444,12-January-2018,343.15,344.5,337.6,340.65
445,15-January-2018,343.95,343.95,335,335.95
446,16-January-2018,334,338.5,328,333.9
447,17-January-2018,336,343.75,331.25,342.5
448,18-January-2018,350,356.5,333.1,340.25
449,19-January-2018,348,352,339.25,348.3
450,22-January-2018,349,358,349,355.25
451,23-January-2018,358,360.5,352.2,358.85
452,24-January-2018,359,366,355.5,364.8
453,25-January-2018,365,365,356.5,363.5
454,29-January-2018,360,363.75,355.6,357.55
455,30-January-2018,355.55,360.85,352,353.45
456,31-January-2018,354,356.7,350.6,354.45
457,1-February-2018,355,366.5,352.25,359.15
458,2-February-2018,355,355.8,341.55,350
459,5-February-2018,340,348.8,333,344.1
460,6-February-2018,330,343,324,338.55
461,7-February-2018,346,346,331.15,333.2
462,8-February-2018,333.9,340.2,331.6,335.05
463,9-February-2018,331.8,331.8,324,325.55
464,12-February-2018,325.25,336.2,325.25,334.95
465,14-February-2018,336,337.9,319,320.2
466,15-February-2018,321.2,328.75,318.1,319.95
467,16-February-2018,325,325,309.45,311.9
468,19-February-2018,312.15,316.85,307.7,312.6
469,20-February-2018,312.7,316,307.8,309.3
470,21-February-2018,309.6,313.8,304.65,312.15
471,22-February-2018,312,317.4,308.5,316.4
472,23-February-2018,316,325.9,316,323.6
473,26-February-2018,328,328,319.6,325.4
474,27-February-2018,326.6,333.7,325.25,327.05
475,28-February-2018,323.8,325,318.2,322.25
476,1-March-2018,320.7,325.8,318,320.75
477,5-March-2018,319.85,319.85,311.75,313.35
478,6-March-2018,315.6,320.4,310,313
479,7-March-2018,311.25,314.9,308,312.9
480,8-March-2018,312,312.95,295,307.8
481,9-March-2018,309.1,312,301.8,303.45
482,12-March-2018,305,314.95,301.7,311.45
483,13-March-2018,309,315.6,309,313.1
484,14-March-2018,313,321.55,308.5,318.9
485,15-March-2018,318.9,320.8,311.2,312.4
486,16-March-2018,313.95,316.9,310,312.9
487,19-March-2018,320,320,302.55,304.85
488,20-March-2018,304,305.65,300.1,302.05
489,21-March-2018,304.4,308.8,300.1,300.6
490,22-March-2018,302,303.6,296.1,298.25
491,23-March-2018,294,294,285.1,286.7
492,26-March-2018,285.2,304.9,285.2,302.95
493,27-March-2018,306.05,309,301,303.4
494,28-March-2018,303,307,299.2,304.9
495,2-April-2018,305,308.4,303.55,306.2
496,3-April-2018,306,314,304.6,312.65
497,4-April-2018,312.65,320,304,305.65
498,5-April-2018,312,315.1,308.1,312.85
499,6-April-2018,313.2,316,311.9,314.2
500,9-April-2018,315.15,319.9,314.5,316.1
501,10-April-2018,318.1,320.7,315.2,319.2
502,11-April-2018,320,320,310.5,312
503,12-April-2018,312,313.45,308.1,311.45
504,13-April-2018,314.8,315.1,305.9,309.4
505,16-April-2018,308.35,311,303.3,310.35
506,17-April-2018,312,314,307,307.95
507,18-April-2018,309.2,313.6,308.6,309.25
508,19-April-2018,310,319,309,318
509,20-April-2018,318.9,318.9,306.05,308.45
510,23-April-2018,310,317,309.15,313.05
511,24-April-2018,313.05,328.65,313.05,323.4
512,25-April-2018,324,328.35,317.8,325.2
513,26-April-2018,328.9,361.2,323.7,352.05
514,27-April-2018,364.8,368.75,345.45,348.45
515,30-April-2018,350,367,349.5,362.05
516,2-May-2018,362.85,364.4,351.5,354.25
517,3-May-2018,355,359.3,346.8,354
518,4-May-2018,353.7,357.85,344.5,345.4
519,7-May-2018,346.55,349.9,342.75,347.5
520,8-May-2018,348.55,353.95,340.4,343.35
521,9-May-2018,344.1,349.8,343.15,347.85
522,10-May-2018,348,350.5,343.3,344.7
523,11-May-2018,345.15,351.6,342.35,349.95
524,14-May-2018,349.95,353.75,343.35,344.65
525,15-May-2018,345,354.5,344,345.65
526,16-May-2018,346,356,342,349.5
527,17-May-2018,350.35,351.5,344.3,345.3
528,18-May-2018,343.45,348.7,343.45,345.45
529,21-May-2018,346.5,349.25,333.3,334.15
530,22-May-2018,333.15,340.6,330.8,334.7
531,23-May-2018,333,338.7,331.65,333.6
532,24-May-2018,335.15,336.9,325.7,330.5
533,25-May-2018,333.9,340.85,332.15,339.45
534,28-May-2018,342,347.9,340.8,344.6
535,29-May-2018,346.15,346.15,335.2,338.45
536,30-May-2018,337.4,344,332.8,343.15
537,31-May-2018,345.5,348,337.55,346.2
538,1-June-2018,348,348.6,340.15,342.25
539,4-June-2018,347,350.1,341.1,343
540,5-June-2018,343,343,334.1,336.7
541,6-June-2018,338.1,340.5,333,339.05
542,7-June-2018,341.5,345.4,338.1,339.6
543,8-June-2018,339.6,340,335.25,337.6
544,11-June-2018,339.8,344.85,333.4,335.7
545,12-June-2018,335.7,337.8,331.35,332.4
546,13-June-2018,333.1,336.4,331.7,333.1
547,14-June-2018,333,338.4,330.8,337
548,15-June-2018,336.85,336.85,328.8,330.55
549,18-June-2018,331,333.7,327.6,331.25
550,19-June-2018,331.25,334.25,328.6,330.4
551,20-June-2018,330.7,337.1,330.7,335.9
552,21-June-2018,335.95,337.6,331.4,332.9
553,22-June-2018,334,336,329.45,335.2
554,25-June-2018,335.1,338.75,332.45,334.2
555,26-June-2018,332.1,337.7,332.1,335.9
556,27-June-2018,335.95,337.95,331.3,335.1
557,28-June-2018,333,335.1,327.35,329.2
558,29-June-2018,330.05,341.5,329.65,339.6
559,2-July-2018,340,341.85,332.45,337
560,3-July-2018,337.1,340.5,335.45,336.8
561,4-July-2018,338.9,339.3,332.7,335.5
562,5-July-2018,339.9,350.75,338.5,348.8
563,6-July-2018,348.8,357.65,347.05,352.4
564,9-July-2018,355,366.9,355,361.9
565,10-July-2018,363,373,360.05,371.25
566,11-July-2018,372,375,367.45,371.35
567,12-July-2018,373,385,373,374.8
568,13-July-2018,376,380.25,367.55,376.4
569,16-July-2018,376.15,380.9,369.85,379
570,17-July-2018,379.8,385.7,375.65,380.75
571,18-July-2018,382.7,387.75,378.05,383.8
572,19-July-2018,380,393.35,379.5,391.2
573,20-July-2018,392,392.4,385.6,386.65
574,23-July-2018,387.15,392.4,383.1,387.55
575,24-July-2018,388,389.75,382.9,384.3
576,25-July-2018,387.4,392.45,382.4,383.45
577,26-July-2018,385.9,386.35,358.75,369.6
578,27-July-2018,375,376,362.65,369.9
579,30-July-2018,373.9,375,365.35,369.05
580,31-July-2018,371.9,374.75,366.1,367.9
581,1-August-2018,369.95,371.6,362,366
582,2-August-2018,366,366,356.75,361.75
583,3-August-2018,364.5,373.25,364.15,372.45
584,6-August-2018,372.7,380,372.65,377.35
585,7-August-2018,381,386.3,376.55,381.3
586,8-August-2018,382.9,385.4,379.85,382.7
587,9-August-2018,382.7,384.6,378,381.25
588,10-August-2018,382,390.9,381.5,383
589,13-August-2018,380,382.4,368,371.1
590,14-August-2018,369,384.5,368.45,381.75
591,16-August-2018,381.95,384.65,374.25,378.7
592,17-August-2018,383.6,395,381,392.95
593,20-August-2018,395.2,404,392.7,393.85
594,21-August-2018,397.45,398,389.5,391
595,23-August-2018,395,395.55,383.6,388.3
596,24-August-2018,389.5,389.5,373.5,374.65
597,27-August-2018,377.85,384.7,377.8,383.1
598,28-August-2018,387.7,387.7,363,371.35
599,29-August-2018,371.35,378.7,362.35,366
600,30-August-2018,369.7,369.85,358.2,361.9
601,31-August-2018,343,350,338,343.4
602,3-September-2018,347.2,350,338.1,339.6
603,4-September-2018,340.5,343.15,333.1,334.1
604,5-September-2018,333.95,345,332.35,343.9
605,6-September-2018,347.45,348.25,336.8,339
606,7-September-2018,342,342,322,323.45
607,10-September-2018,324,328.7,316,323.75
608,11-September-2018,326,327.75,314.6,316.7
609,12-September-2018,318,319.7,310.5,314.45
610,14-September-2018,318.8,328,316.5,323.1
611,17-September-2018,317.5,321.7,316,318.6
612,18-September-2018,319,328.9,319,323.15
613,19-September-2018,325,328.95,317.8,318.5
614,21-September-2018,286.65,286.65,210.1,227.05
615,24-September-2018,236.2,238.75,216,226.25
616,25-September-2018,230.05,238.6,198.65,219.85
617,26-September-2018,224.7,229.55,217,223.65
618,27-September-2018,225.1,227,202,203.2
619,28-September-2018,204,207.85,166.15,183.45
620,1-October-2018,180,209.7,170,201.2
621,3-October-2018,205,222.7,202.5,212.85
622,4-October-2018,210,220,205.1,215.15
623,5-October-2018,215.75,218.4,203.5,206.2
624,8-October-2018,210.9,227.65,207.2,220.8
625,9-October-2018,226,233.55,222.3,224.1
626,10-October-2018,229.5,237,219.6,234.05
627,11-October-2018,225,268.45,217.2,240
628,12-October-2018,248.7,254.6,244.85,246.7
629,15-October-2018,250,250.9,242,245.9
630,16-October-2018,247.45,251.5,245.5,248.8
631,17-October-2018,253,254.8,228.85,231.75
632,19-October-2018,227,230.45,213.1,217.7
633,22-October-2018,223.8,223.8,208.65,211
634,23-October-2018,209.4,216.6,206.7,213.65
635,24-October-2018,217.2,220,202,204
636,25-October-2018,202.8,207.5,195.15,198.35
637,26-October-2018,178.55,191.4,168.6,180.55
638,29-October-2018,184,185.85,174.85,181.25
639,30-October-2018,181.55,190,181,182.05
640,31-October-2018,185.6,189.75,179.8,188.05
641,1-November-2018,192,205.15,189,203.75
642,2-November-2018,214,215.95,207.9,209.4
643,5-November-2018,209.8,212.35,206.25,210.35
644,6-November-2018,213.5,218,210.35,214.45
645,7-November-2018,217.15,218.45,215.5,216
646,9-November-2018,215.6,229.4,213.15,227.85
647,12-November-2018,230,231.4,221.25,222.75
648,13-November-2018,222,226.9,220.05,225.6
649,14-November-2018,226.9,229.15,221.25,222.5
650,15-November-2018,215,218,202.3,206
651,16-November-2018,200.55,201.9,187.9,191.3
652,19-November-2018,196.55,206,194.55,205.05
653,20-November-2018,198.55,199.65,191.25,192.55
654,21-November-2018,196,200.75,195,198
655,22-November-2018,200.05,203.85,194.5,195.55
656,26-November-2018,189,192,182.25,187.95
657,27-November-2018,194,194,180.4,183.15
658,28-November-2018,181,181.9,160.15,161.7
659,29-November-2018,158,166.9,147,160.45
660,30-November-2018,164.5,171.25,160.45,169.65
661,3-December-2018,174,179.55,165.4,178
662,4-December-2018,181,182.5,175.1,176.55
663,5-December-2018,173.9,178.25,172.45,173.65
664,6-December-2018,169.45,172.4,167.5,168.3
665,7-December-2018,170,172.05,162.05,166.1
666,10-December-2018,162,169.5,160.2,165.35
667,11-December-2018,164.3,179.7,163.7,177.4
668,12-December-2018,182.5,187.5,181.5,186.8
669,13-December-2018,193.9,194.3,172,174.7
670,14-December-2018,173,181.6,168.3,180.35
671,17-December-2018,183,184.5,179.3,181.1
672,18-December-2018,180,180.85,176.95,178.9
673,19-December-2018,180.95,183.2,178.8,179.6
674,20-December-2018,179,187.55,178,186.65
675,21-December-2018,187.15,188,180.95,182.9
676,24-December-2018,184.4,185.4,181.5,182.1
677,26-December-2018,182.2,182.6,174.25,179.45
678,27-December-2018,183,183.55,177.3,178.55
679,28-December-2018,180.05,183.2,180.05,181.55
680,31-December-2018,183.1,183.9,181,181.75
681,1-January-2019,182.85,185.85,181.15,184.25
682,2-January-2019,183.75,187,182.6,184.65
683,3-January-2019,185.65,186,183.2,183.9
684,4-January-2019,184.55,190.25,181.5,189.5
685,7-January-2019,194.25,194.25,185.8,186.95
686,8-January-2019,188,193.2,185,192.3
687,9-January-2019,193.75,193.95,181.55,186.4
688,10-January-2019,188,191,184.4,186.7
689,11-January-2019,188.4,190,182.9,183.95
690,14-January-2019,185.1,198,182.4,195.4
691,15-January-2019,196.4,205,196.05,202.95
692,16-January-2019,204.55,209.15,203.6,208.35
693,17-January-2019,209.7,210,200.4,201.45
694,18-January-2019,202.05,203,196.45,198.25
695,21-January-2019,199,204,191.1,192.1
696,22-January-2019,191.9,193.9,187.5,192.1
697,23-January-2019,194.8,199.45,193.6,197.3
698,24-January-2019,198.8,234.9,189.1,213.85
699,25-January-2019,224.5,236.3,218.1,219.65
700,28-January-2019,222,223.2,206,207.65
701,29-January-2019,207.2,209.4,195.85,202.6
702,30-January-2019,210,213.55,198.5,199.4
703,31-January-2019,202,203.5,190.35,194.3
704,1-February-2019,197,197,181.5,185.65
705,4-February-2019,185.6,185.6,175.45,179.9
706,5-February-2019,179.9,183.5,174.75,175.8
707,6-February-2019,178,179.9,172.6,176.3
708,7-February-2019,177.3,181.85,175.35,176.75
709,8-February-2019,177,178.5,173.3,174.8
710,11-February-2019,175.75,176.5,170.1,172.75
711,12-February-2019,173.7,176.1,171.75,172.35
712,13-February-2019,174.1,174.75,167.65,169.05
713,14-February-2019,185.95,223.7,185.95,221
714,15-February-2019,226.5,226.5,211.5,218.7
715,18-February-2019,201.55,216.5,201,213.15
716,19-February-2019,215,217.95,211.3,212.45
717,20-February-2019,216.8,219.8,213.25,217.9
718,21-February-2019,219,219.1,214.2,215
719,22-February-2019,214.9,223.5,213.4,221.95
720,25-February-2019,223.25,230.65,221.3,229.15
721,26-February-2019,223.7,234.4,220.1,229.6
722,27-February-2019,233,236.9,223.7,228.1
723,28-February-2019,229.85,232.7,227,231.2
724,1-March-2019,234.6,238.35,234.5,237.4
725,5-March-2019,236.7,240.65,234.25,237.3
726,6-March-2019,238,240.65,233.15,235.25
727,7-March-2019,236,236,228.8,231.8
728,8-March-2019,231.8,234.95,229.55,232.4
729,11-March-2019,233,237.9,231.7,236.3
730,12-March-2019,237.1,239.15,235,235.7
731,13-March-2019,236.45,247.5,232.75,244.35
732,14-March-2019,247,254,246.25,249.85
733,15-March-2019,251.8,252.9,243.4,245.05
734,18-March-2019,247.05,248.65,241.85,245.8
735,19-March-2019,247,250.3,245,249
736,20-March-2019,249.45,253,246.45,252.15
737,22-March-2019,252.15,257.3,250.65,252.5
738,25-March-2019,250,250.35,246.1,247
739,26-March-2019,248.1,254.9,247.5,253.7
740,27-March-2019,258.45,269.7,256.1,267.95
741,28-March-2019,270,276.9,268.4,275.2
742,29-March-2019,277.5,281.3,273.3,275.05
743,1-April-2019,277,280,273.95,275.7
744,2-April-2019,277.1,282,274.8,280.4
745,3-April-2019,283.2,285.9,272.3,273.75
746,4-April-2019,274.95,274.95,265.4,268.15
747,5-April-2019,270.8,274.15,264,267.1
748,8-April-2019,267.2,268,258.25,260
749,9-April-2019,262,271.95,258.85,270.6
750,10-April-2019,271,275,267.55,268.3
751,11-April-2019,269,270.15,264.1,268.9
752,12-April-2019,268.9,272,266,267.85
753,15-April-2019,268.85,269.95,264.75,265.35
754,16-April-2019,267.4,269.25,265.05,266.45
755,18-April-2019,266.9,268,253.95,255.3
756,22-April-2019,254.4,254.4,237,238.4
757,23-April-2019,238.55,244.9,230.55,232.85
758,24-April-2019,233,240.2,231.45,239.15
759,25-April-2019,241.4,250.15,236.5,237.7
760,26-April-2019,240.1,240.35,232,237.4
761,30-April-2019,213.7,213.7,165.3,168
762,2-May-2019,163.3,178.05,160,173.8
763,3-May-2019,176.8,177.9,169.95,175.6
764,6-May-2019,169.5,171.9,165.5,166.3
765,7-May-2019,168.5,169.95,163.55,164.55
766,8-May-2019,165,166.55,160.05,160.75
767,9-May-2019,158,171.45,156.75,170.3
768,10-May-2019,172.3,174.15,163.05,164
769,13-May-2019,164.5,165.4,154,154.85